{"cameraMode":{"drawMode":0,"name":"Shaded","section":"Shading Mode"},"sceneLighting":true,"audioPlay":false,"sceneViewState":{"showFog":true,"showMaterialUpdate":false,"showSkybox":true,"showFlares":true,"showImageEffects":true,"showParticleSystems":true},"in2DMode":false,"pivot":{"x":19.298006057739259,"y":1.8540091514587403,"z":-7.094669342041016},"rotation":{"x":-0.06623046845197678,"y":0.9270043969154358,"z":-0.19643068313598634,"w":-0.3125574588775635},"size":5.206615447998047,"orthographic":false}