{"cameraMode":{"drawMode":0,"name":"Shaded","section":"Shading Mode"},"sceneLighting":false,"audioPlay":false,"sceneViewState":{"showFog":true,"showMaterialUpdate":false,"showSkybox":false,"showFlares":true,"showImageEffects":true,"showParticleSystems":true},"in2DMode":false,"pivot":{"x":20.633283615112306,"y":1.4383834600448609,"z":-9.022370338439942},"rotation":{"x":0.014297022484242916,"y":0.8084959387779236,"z":-0.019657760858535768,"w":0.5880025625228882},"size":2.8506181240081789,"orthographic":false}