{"cameraMode":{"drawMode":0,"name":"Shaded","section":"Shading Mode"},"sceneLighting":true,"audioPlay":false,"sceneViewState":{"showFog":true,"showMaterialUpdate":false,"showSkybox":true,"showFlares":true,"showImageEffects":true,"showParticleSystems":true},"in2DMode":false,"pivot":{"x":15.532320022583008,"y":4.340975761413574,"z":-9.538189888000489},"rotation":{"x":-0.4162478744983673,"y":-0.0005340955685824156,"z":0.00024504782049916685,"w":-0.9092587232589722},"size":7.6419830322265629,"orthographic":false}