{"cameraMode":{"drawMode":0,"name":"Shaded","section":"Shading Mode"},"sceneLighting":true,"audioPlay":false,"sceneViewState":{"showFog":true,"showMaterialUpdate":false,"showSkybox":true,"showFlares":true,"showImageEffects":true,"showParticleSystems":true},"in2DMode":false,"pivot":{"x":-0.14383520185947419,"y":-0.07202529907226563,"z":-0.0463714599609375},"rotation":{"x":-0.28001320362091067,"y":0.003453289857134223,"z":-0.0010074118617922068,"w":-0.9599901437759399},"size":14.2210054397583,"orthographic":false}