{"cameraMode":{"drawMode":0,"name":"Shaded","section":"Shading Mode"},"sceneLighting":true,"audioPlay":false,"sceneViewState":{"showFog":true,"showMaterialUpdate":false,"showSkybox":true,"showFlares":true,"showImageEffects":true,"showParticleSystems":true},"in2DMode":false,"pivot":{"x":19.42691993713379,"y":2.2783682346343996,"z":-9.629605293273926},"rotation":{"x":-0.013747288845479489,"y":-0.7204195857048035,"z":0.014262136071920395,"w":-0.6932802796363831},"size":0.7088723182678223,"orthographic":false}