{"cameraMode":{"drawMode":0,"name":"Shaded","section":"Shading Mode"},"sceneLighting":false,"audioPlay":false,"sceneViewState":{"showFog":true,"showMaterialUpdate":false,"showSkybox":false,"showFlares":true,"showImageEffects":true,"showParticleSystems":true},"in2DMode":false,"pivot":{"x":7.940406799316406,"y":1.4379475116729737,"z":-4.8306121826171879},"rotation":{"x":0.4203316867351532,"y":-0.00000325824407809705,"z":0.0000037559150314336877,"w":0.9073737859725952},"size":0.44352930784225466,"orthographic":false}