{"cameraMode":{"drawMode":0,"name":"Shaded","section":"Shading Mode"},"sceneLighting":false,"audioPlay":false,"sceneViewState":{"showFog":true,"showMaterialUpdate":false,"showSkybox":false,"showFlares":true,"showImageEffects":true,"showParticleSystems":true},"in2DMode":false,"pivot":{"x":26.276187896728517,"y":2.402306079864502,"z":-7.827419281005859},"rotation":{"x":0.05216314271092415,"y":-0.012571784667670727,"z":-0.0006669313297607005,"w":-0.9985730051994324},"size":1.9070463180541993,"orthographic":false}