{"cameraMode":{"drawMode":0,"name":"Shaded","section":"Shading Mode"},"sceneLighting":false,"audioPlay":false,"sceneViewState":{"showFog":true,"showMaterialUpdate":false,"showSkybox":false,"showFlares":true,"showImageEffects":true,"showParticleSystems":true},"in2DMode":false,"pivot":{"x":25.18000030517578,"y":-0.320182740688324,"z":11.157736778259278},"rotation":{"x":0.05216314271092415,"y":-0.012571784667670727,"z":-0.0006669313297607005,"w":-0.9985730051994324},"size":1.2566618919372559,"orthographic":false}