{"cameraMode":{"drawMode":0,"name":"Shaded","section":"Shading Mode"},"sceneLighting":false,"audioPlay":false,"sceneViewState":{"showFog":true,"showMaterialUpdate":false,"showSkybox":false,"showFlares":true,"showImageEffects":true,"showParticleSystems":true},"in2DMode":false,"pivot":{"x":22.15999984741211,"y":1.7500014305114747,"z":-11.149999618530274},"rotation":{"x":0.05216314271092415,"y":-0.012571784667670727,"z":-0.0006669313297607005,"w":-0.9985730051994324},"size":2.0211379528045656,"orthographic":false}