{"cameraMode":{"drawMode":0,"name":"Shaded","section":"Shading Mode"},"sceneLighting":false,"audioPlay":false,"sceneViewState":{"showFog":true,"showMaterialUpdate":false,"showSkybox":false,"showFlares":true,"showImageEffects":true,"showParticleSystems":true},"in2DMode":false,"pivot":{"x":4.769999980926514,"y":1.009724497795105,"z":-7.809999942779541},"rotation":{"x":0.4203316867351532,"y":-0.00000325824407809705,"z":0.0000037559150314336877,"w":0.9073737859725952},"size":3.6073946952819826,"orthographic":false}