{"cameraMode":{"drawMode":0,"name":"Shaded","section":"Shading Mode"},"sceneLighting":true,"audioPlay":false,"sceneViewState":{"showFog":true,"showMaterialUpdate":false,"showSkybox":true,"showFlares":true,"showImageEffects":true,"showParticleSystems":true},"in2DMode":false,"pivot":{"x":7.2511749267578129,"y":-2.870934009552002,"z":-6.044180393218994},"rotation":{"x":-0.1680445820093155,"y":0.7192336916923523,"z":-0.18657195568084718,"w":-0.6478105783462524},"size":10.283662796020508,"orthographic":false}