{"cameraMode":{"drawMode":0,"name":"Shaded","section":"Shading Mode"},"sceneLighting":false,"audioPlay":false,"sceneViewState":{"showFog":true,"showMaterialUpdate":false,"showSkybox":false,"showFlares":true,"showImageEffects":true,"showParticleSystems":true},"in2DMode":false,"pivot":{"x":20.059999465942384,"y":2.4100000858306886,"z":-8.170000076293946},"rotation":{"x":-0.05366510525345802,"y":-0.00450180284678936,"z":-0.00024139646848198026,"w":0.9985609650611877},"size":0.2598072290420532,"orthographic":false}