{"cameraMode":{"drawMode":0,"name":"Shaded","section":"Shading Mode"},"sceneLighting":true,"audioPlay":false,"sceneViewState":{"showFog":true,"showMaterialUpdate":false,"showSkybox":true,"showFlares":true,"showImageEffects":true,"showParticleSystems":true},"in2DMode":false,"pivot":{"x":8.311334609985352,"y":1.0355439186096192,"z":-5.201519012451172},"rotation":{"x":-0.02387704886496067,"y":0.9727949500083923,"z":-0.19852203130722047,"w":-0.1170019581913948},"size":10.0,"orthographic":false}