{"cameraMode":{"drawMode":0,"name":"Shaded","section":"Shading Mode"},"sceneLighting":false,"audioPlay":false,"sceneViewState":{"showFog":true,"showMaterialUpdate":false,"showSkybox":false,"showFlares":true,"showImageEffects":true,"showParticleSystems":true},"in2DMode":false,"pivot":{"x":16.34000015258789,"y":1.6437499523162842,"z":-7.8899993896484379},"rotation":{"x":-0.11148674786090851,"y":-0.13757677376270295,"z":0.015586324967443943,"w":-0.984074592590332},"size":0.5001389384269714,"orthographic":false}