{"cameraMode":{"drawMode":0,"name":"Shaded","section":"Shading Mode"},"sceneLighting":false,"audioPlay":false,"sceneViewState":{"showFog":true,"showMaterialUpdate":false,"showSkybox":false,"showFlares":true,"showImageEffects":true,"showParticleSystems":true},"in2DMode":false,"pivot":{"x":10.834121704101563,"y":-10.706130027770996,"z":-1.5508880615234376},"rotation":{"x":-0.532289445400238,"y":0.0043150512501597408,"z":-0.0027135771233588459,"w":-0.8465489745140076},"size":14.067012786865235,"orthographic":false}