{"cameraMode":{"drawMode":0,"name":"Shaded","section":"Shading Mode"},"sceneLighting":false,"audioPlay":false,"sceneViewState":{"showFog":true,"showMaterialUpdate":false,"showSkybox":false,"showFlares":true,"showImageEffects":true,"showParticleSystems":true},"in2DMode":false,"pivot":{"x":8.420000076293946,"y":2.1563925743103029,"z":-5.690000057220459},"rotation":{"x":-0.46604087948799136,"y":0.0005283660721033812,"z":-0.00027821064577437937,"w":-0.8847652077674866},"size":0.5020115971565247,"orthographic":false}