{"cameraMode":{"drawMode":0,"name":"Shaded","section":"Shading Mode"},"sceneLighting":false,"audioPlay":false,"sceneViewState":{"showFog":true,"showMaterialUpdate":false,"showSkybox":false,"showFlares":true,"showImageEffects":true,"showParticleSystems":true},"in2DMode":false,"pivot":{"x":2.5999999046325685,"y":1.0805686712265015,"z":-4.820000648498535},"rotation":{"x":-0.2336253672838211,"y":0.0064146192744374279,"z":-0.0015412720385938883,"w":-0.9723052382469177},"size":6.096642971038818,"orthographic":false}