{"cameraMode":{"drawMode":0,"name":"Shaded","section":"Shading Mode"},"sceneLighting":true,"audioPlay":false,"sceneViewState":{"showFog":true,"showMaterialUpdate":false,"showSkybox":true,"showFlares":true,"showImageEffects":true,"showParticleSystems":true},"in2DMode":false,"pivot":{"x":14.299434661865235,"y":-1.139332890510559,"z":3.118025779724121},"rotation":{"x":-0.1630769670009613,"y":-0.0038503871764987709,"z":0.0006364263826981187,"w":-0.9866063594818115},"size":12.388384819030762,"orthographic":false}