{"cameraMode":{"drawMode":0,"name":"Shaded","section":"Shading Mode"},"sceneLighting":false,"audioPlay":false,"sceneViewState":{"showFog":true,"showMaterialUpdate":false,"showSkybox":false,"showFlares":true,"showImageEffects":true,"showParticleSystems":true},"in2DMode":false,"pivot":{"x":8.010441780090332,"y":-0.3898603916168213,"z":1.2846609354019166},"rotation":{"x":-0.016122011467814447,"y":0.6869359016418457,"z":0.015245543792843819,"w":0.7263815402984619},"size":1.8193069696426392,"orthographic":false}