{"cameraMode":{"drawMode":0,"name":"Shaded","section":"Shading Mode"},"sceneLighting":false,"audioPlay":false,"sceneViewState":{"showFog":true,"showMaterialUpdate":false,"showSkybox":false,"showFlares":true,"showImageEffects":true,"showParticleSystems":true},"in2DMode":false,"pivot":{"x":2.5999999046325685,"y":1.0805686712265015,"z":-4.820000648498535},"rotation":{"x":-0.667270839214325,"y":0.018314016982913019,"z":-0.016416426748037339,"w":-0.7444093227386475},"size":6.096642971038818,"orthographic":false}