{"cameraMode":{"drawMode":0,"name":"Shaded","section":"Shading Mode"},"sceneLighting":false,"audioPlay":false,"sceneViewState":{"showFog":true,"showMaterialUpdate":false,"showSkybox":false,"showFlares":true,"showImageEffects":true,"showParticleSystems":true},"in2DMode":false,"pivot":{"x":8.170000076293946,"y":2.115569591522217,"z":-7.090000152587891},"rotation":{"x":-0.667270839214325,"y":0.018314016982913019,"z":-0.016416426748037339,"w":-0.7444093227386475},"size":6.08556604385376,"orthographic":false}