{"cameraMode":{"drawMode":0,"name":"Shaded","section":"Shading Mode"},"sceneLighting":true,"audioPlay":false,"sceneViewState":{"showFog":true,"showMaterialUpdate":true,"showSkybox":true,"showFlares":true,"showImageEffects":true,"showParticleSystems":true},"in2DMode":false,"pivot":{"x":30.4693660736084,"y":-6.07296085357666,"z":-4.791751861572266},"rotation":{"x":0.35790207982063296,"y":0.36659154295921328,"z":-0.1553727090358734,"w":0.8446435928344727},"size":13.419784545898438,"orthographic":false}