{"cameraMode":{"drawMode":0,"name":"Shaded","section":"Shading Mode"},"sceneLighting":false,"audioPlay":false,"sceneViewState":{"showFog":true,"showMaterialUpdate":true,"showSkybox":false,"showFlares":true,"showImageEffects":true,"showParticleSystems":true},"in2DMode":false,"pivot":{"x":18.758636474609376,"y":2.40230655670166,"z":-9.237417221069336},"rotation":{"x":0.12069346010684967,"y":0.4001238942146301,"z":-0.053268760442733768,"w":0.9069400429725647},"size":2.5081639289855959,"orthographic":false}