{"cameraMode":{"drawMode":0,"name":"Shaded","section":"Shading Mode"},"sceneLighting":false,"audioPlay":false,"sceneViewState":{"showFog":true,"showMaterialUpdate":false,"showSkybox":false,"showFlares":true,"showImageEffects":true,"showParticleSystems":true},"in2DMode":false,"pivot":{"x":10.8695650100708,"y":1.242299199104309,"z":-8.375930786132813},"rotation":{"x":-0.03760351613163948,"y":0.877082884311676,"z":0.06960105150938034,"w":0.4738142192363739},"size":1.4158830642700196,"orthographic":false}