{"cameraMode":{"drawMode":0,"name":"Shaded","section":"Shading Mode"},"sceneLighting":false,"audioPlay":false,"sceneViewState":{"showFog":true,"showMaterialUpdate":true,"showSkybox":false,"showFlares":true,"showImageEffects":true,"showParticleSystems":true},"in2DMode":false,"pivot":{"x":32.39628601074219,"y":-4.050419807434082,"z":-6.895973205566406},"rotation":{"x":0.22247926890850068,"y":0.667959451675415,"z":-0.22011752426624299,"w":0.6752227544784546},"size":7.064140796661377,"orthographic":false}