{"cameraMode":{"drawMode":0,"name":"Shaded","section":"Shading Mode"},"sceneLighting":false,"audioPlay":false,"sceneViewState":{"showFog":true,"showMaterialUpdate":false,"showSkybox":false,"showFlares":true,"showImageEffects":true,"showParticleSystems":true},"in2DMode":false,"pivot":{"x":7.983173370361328,"y":3.4895167350769045,"z":-11.674283027648926},"rotation":{"x":0.08787927776575089,"y":-0.06659355014562607,"z":-0.005888296291232109,"w":-0.9938873052597046},"size":5.672555446624756,"orthographic":false}