{"cameraMode":{"drawMode":0,"name":"Shaded","section":"Shading Mode"},"sceneLighting":false,"audioPlay":false,"sceneViewState":{"showFog":true,"showMaterialUpdate":false,"showSkybox":false,"showFlares":true,"showImageEffects":true,"showParticleSystems":true},"in2DMode":false,"pivot":{"x":11.130000114440918,"y":2.490000009536743,"z":-10.770000457763672},"rotation":{"x":-0.4230411648750305,"y":-0.006255391985177994,"z":0.0029189095366746189,"w":-0.9060856699943543},"size":0.08660273253917694,"orthographic":false}