{"cameraMode":{"drawMode":0,"name":"Shaded","section":"Shading Mode"},"sceneLighting":false,"audioPlay":false,"sceneViewState":{"showFog":true,"showMaterialUpdate":false,"showSkybox":false,"showFlares":true,"showImageEffects":true,"showParticleSystems":true},"in2DMode":false,"pivot":{"x":16.34000015258789,"y":1.6437499523162842,"z":-7.8899993896484379},"rotation":{"x":-0.4230411648750305,"y":-0.006255391985177994,"z":0.0029189095366746189,"w":-0.9060856699943543},"size":2.9001386165618898,"orthographic":false}