{"cameraMode":{"drawMode":0,"name":"Shaded","section":"Shading Mode"},"sceneLighting":true,"audioPlay":false,"sceneViewState":{"showFog":true,"showMaterialUpdate":false,"showSkybox":true,"showFlares":true,"showImageEffects":true,"showParticleSystems":true},"in2DMode":false,"pivot":{"x":16.201143264770509,"y":-1.2563400268554688,"z":-4.86211633682251},"rotation":{"x":-0.3928210139274597,"y":-0.02152189053595066,"z":0.009186732582747937,"w":-0.9193273186683655},"size":6.188299179077148,"orthographic":false}