{"cameraMode":{"drawMode":0,"name":"Shaded","section":"Shading Mode"},"sceneLighting":true,"audioPlay":false,"sceneViewState":{"showFog":true,"showMaterialUpdate":false,"showSkybox":true,"showFlares":true,"showImageEffects":true,"showParticleSystems":true},"in2DMode":false,"pivot":{"x":4.481598854064941,"y":1.0790886878967286,"z":-6.860806465148926},"rotation":{"x":-0.1518973857164383,"y":0.8226979374885559,"z":-0.25883227586746218,"w":-0.4828055799007416},"size":4.84710168838501,"orthographic":false}