{"cameraMode":{"drawMode":0,"name":"Shaded","section":"Shading Mode"},"sceneLighting":true,"audioPlay":false,"sceneViewState":{"showFog":true,"showMaterialUpdate":false,"showSkybox":true,"showFlares":true,"showImageEffects":true,"showParticleSystems":true},"in2DMode":false,"pivot":{"x":17.87613868713379,"y":-0.1662144660949707,"z":-1.6652374267578126},"rotation":{"x":-0.2107558399438858,"y":-0.3057054579257965,"z":0.06958580017089844,"w":-0.9258983731269836},"size":9.092241287231446,"orthographic":false}