{"cameraMode":{"drawMode":0,"name":"Shaded","section":"Shading Mode"},"sceneLighting":false,"audioPlay":false,"sceneViewState":{"showFog":true,"showMaterialUpdate":false,"showSkybox":false,"showFlares":true,"showImageEffects":true,"showParticleSystems":true},"in2DMode":false,"pivot":{"x":7.943416118621826,"y":1.891621470451355,"z":-6.071591854095459},"rotation":{"x":-0.1290096789598465,"y":0.20721910893917085,"z":-0.02758060209453106,"w":-0.9693640470504761},"size":3.6933562755584719,"orthographic":false}