{"cameraMode":{"drawMode":0,"name":"Shaded","section":"Shading Mode"},"sceneLighting":false,"audioPlay":false,"sceneViewState":{"showFog":true,"showMaterialUpdate":false,"showSkybox":false,"showFlares":true,"showImageEffects":true,"showParticleSystems":true},"in2DMode":false,"pivot":{"x":2.5999999046325685,"y":0.8505687713623047,"z":-4.820000648498535},"rotation":{"x":-0.3748723566532135,"y":-0.014742451719939709,"z":0.005961869843304157,"w":-0.9269411563873291},"size":6.885688781738281,"orthographic":false}