{"cameraMode":{"drawMode":0,"name":"Shaded","section":"Shading Mode"},"sceneLighting":false,"audioPlay":false,"sceneViewState":{"showFog":true,"showMaterialUpdate":false,"showSkybox":false,"showFlares":true,"showImageEffects":true,"showParticleSystems":true},"in2DMode":false,"pivot":{"x":8.91292667388916,"y":0.08287521451711655,"z":-5.25373649597168},"rotation":{"x":0.008162982761859894,"y":0.9140062928199768,"z":-0.40522295236587527,"w":0.018385548144578935},"size":6.08556604385376,"orthographic":false}