{"cameraMode":{"drawMode":0,"name":"Shaded","section":"Shading Mode"},"sceneLighting":false,"audioPlay":false,"sceneViewState":{"showFog":true,"showMaterialUpdate":false,"showSkybox":false,"showFlares":true,"showImageEffects":true,"showParticleSystems":true},"in2DMode":false,"pivot":{"x":17.280000686645509,"y":1.0700000524520875,"z":-8.84000015258789},"rotation":{"x":-0.2979484796524048,"y":0.6521999835968018,"z":-0.31169384717941286,"w":-0.623480498790741},"size":0.2598074674606323,"orthographic":false}