{"cameraMode":{"drawMode":0,"name":"Shaded","section":"Shading Mode"},"sceneLighting":false,"audioPlay":false,"sceneViewState":{"showFog":true,"showMaterialUpdate":false,"showSkybox":false,"showFlares":true,"showImageEffects":true,"showParticleSystems":true},"in2DMode":false,"pivot":{"x":22.15999984741211,"y":1.8000011444091797,"z":-11.149999618530274},"rotation":{"x":-0.17757895588874818,"y":-0.05516405031085014,"z":0.00997297652065754,"w":-0.9825119376182556},"size":1.8404265642166138,"orthographic":false}