{"cameraMode":{"drawMode":0,"name":"Shaded","section":"Shading Mode"},"sceneLighting":false,"audioPlay":false,"sceneViewState":{"showFog":true,"showMaterialUpdate":false,"showSkybox":false,"showFlares":true,"showImageEffects":true,"showParticleSystems":true},"in2DMode":false,"pivot":{"x":-23.619112014770509,"y":18.428688049316408,"z":-18.896766662597658},"rotation":{"x":0.029055308550596238,"y":-0.9244875311851502,"z":-0.07196873426437378,"w":-0.3732334077358246},"size":0.850234866142273,"orthographic":false}