{"cameraMode":{"drawMode":0,"name":"Shaded","section":"Shading Mode"},"sceneLighting":true,"audioPlay":false,"sceneViewState":{"showFog":true,"showMaterialUpdate":false,"showSkybox":true,"showFlares":true,"showImageEffects":true,"showParticleSystems":true},"in2DMode":false,"pivot":{"x":19.246383666992189,"y":2.0317540168762209,"z":-7.475409030914307},"rotation":{"x":0.0003010915534105152,"y":0.23478330671787263,"z":-0.00007180888496804982,"w":0.9720490574836731},"size":0.6163924932479858,"orthographic":false}