{"cameraMode":{"drawMode":0,"name":"Shaded","section":"Shading Mode"},"sceneLighting":false,"audioPlay":false,"sceneViewState":{"showFog":true,"showMaterialUpdate":false,"showSkybox":false,"showFlares":true,"showImageEffects":true,"showParticleSystems":true},"in2DMode":false,"pivot":{"x":2.5999999046325685,"y":1.3179703950881959,"z":-4.820000648498535},"rotation":{"x":-0.02618098072707653,"y":0.37030497193336489,"z":0.0104427020996809,"w":0.928483784198761},"size":6.884852409362793,"orthographic":false}