{"cameraMode":{"drawMode":0,"name":"Shaded","section":"Shading Mode"},"sceneLighting":false,"audioPlay":false,"sceneViewState":{"showFog":true,"showMaterialUpdate":false,"showSkybox":false,"showFlares":true,"showImageEffects":true,"showParticleSystems":true},"in2DMode":false,"pivot":{"x":4.350749969482422,"y":1.652500033378601,"z":-7.347750186920166},"rotation":{"x":-0.31641989946365359,"y":0.6307865977287293,"z":-0.3143404424190521,"w":-0.6349653601646423},"size":1.2471015453338624,"orthographic":false}