{"cameraMode":{"drawMode":0,"name":"Shaded","section":"Shading Mode"},"sceneLighting":false,"audioPlay":false,"sceneViewState":{"showFog":true,"showMaterialUpdate":false,"showSkybox":false,"showFlares":true,"showImageEffects":true,"showParticleSystems":true},"in2DMode":false,"pivot":{"x":4.803811073303223,"y":2.402306318283081,"z":-7.721092700958252},"rotation":{"x":-0.5857465267181397,"y":-0.004379734862595797,"z":0.0031628136057406666,"w":-0.8104799389839172},"size":1.9128953218460084,"orthographic":false}