{"cameraMode":{"drawMode":0,"name":"Shaded","section":"Shading Mode"},"sceneLighting":true,"audioPlay":false,"sceneViewState":{"showFog":true,"showMaterialUpdate":false,"showSkybox":true,"showFlares":true,"showImageEffects":true,"showParticleSystems":true},"in2DMode":false,"pivot":{"x":17.278995513916017,"y":0.25637346506118777,"z":-3.42600154876709},"rotation":{"x":0.11256618052721024,"y":-0.008947121910750866,"z":0.0010144636034965516,"w":0.9936062693595886},"size":1.908872127532959,"orthographic":false}