{"cameraMode":{"drawMode":0,"name":"Shaded","section":"Shading Mode"},"sceneLighting":false,"audioPlay":false,"sceneViewState":{"showFog":true,"showMaterialUpdate":false,"showSkybox":false,"showFlares":true,"showImageEffects":true,"showParticleSystems":true},"in2DMode":false,"pivot":{"x":6.820000171661377,"y":-0.5399999618530273,"z":-7.559999465942383},"rotation":{"x":0.34126394987106326,"y":-0.015512545593082905,"z":0.005633743945509195,"w":0.9398250579833984},"size":0.8660252690315247,"orthographic":false}